{
  "results": [
    {
      "command": "ALS+Patterns-1-workers",
      "mean": 22.799967165820004,
      "stddev": 0.16927018110036698,
      "median": 22.72416078382,
      "user": 14.866082773333334,
      "system": 1.5970186466666665,
      "min": 22.68184972182,
      "max": 22.993890991820003,
      "times": [
        22.72416078382,
        22.993890991820003,
        22.68184972182
      ],
      "exit_codes": [
        1,
        1,
        1
      ]
    },
    {
      "command": "ALS+Patterns-3-workers",
      "mean": 22.775845476820006,
      "stddev": 0.09443646869886618,
      "median": 22.73470371982,
      "user": 14.929347773333333,
      "system": 1.5906356466666667,
      "min": 22.708959145820003,
      "max": 22.88387356482,
      "times": [
        22.73470371982,
        22.708959145820003,
        22.88387356482
      ],
      "exit_codes": [
        1,
        1,
        1
      ]
    }
  ]
}
