{
  "results": [
    {
      "command": "ALS-only-1-worker",
      "mean": 23.113255693733333,
      "stddev": 0.19044574451752577,
      "median": 23.0101178754,
      "user": 15.060688273333334,
      "system": 1.62901484,
      "min": 22.996623757400002,
      "max": 23.3330254484,
      "times": [
        22.996623757400002,
        23.0101178754,
        23.3330254484
      ],
      "exit_codes": [
        1,
        1,
        1
      ]
    },
    {
      "command": "ALS-only-3-workers",
      "mean": 22.76018984006667,
      "stddev": 0.12001159578482115,
      "median": 22.7324766734,
      "user": 14.833501606666665,
      "system": 1.57708684,
      "min": 22.6564591434,
      "max": 22.8916337034,
      "times": [
        22.8916337034,
        22.6564591434,
        22.7324766734
      ],
      "exit_codes": [
        1,
        1,
        1
      ]
    }
  ]
}
