{
  "results": [
    {
      "command": "Patterns-only-1-workers",
      "mean": 3.515821509533333,
      "stddev": 0.39862644251696494,
      "median": 3.2942906832,
      "user": 2.7942582533333327,
      "system": 0.6260018466666666,
      "min": 3.2771643842,
      "max": 3.9760094612,
      "times": [
        3.9760094612,
        3.2942906832,
        3.2771643842
      ],
      "exit_codes": [
        1,
        1,
        1
      ]
    },
    {
      "command": "Patterns-only-3-workers",
      "mean": 3.4073136141999996,
      "stddev": 0.22709559194728143,
      "median": 3.2944506232,
      "user": 2.7901119199999997,
      "system": 0.5120085133333333,
      "min": 3.2587600691999996,
      "max": 3.6687301501999996,
      "times": [
        3.2587600691999996,
        3.2944506232,
        3.6687301501999996
      ],
      "exit_codes": [
        1,
        1,
        1
      ]
    }
  ]
}
