{
  "results": [
    {
      "command": "Max-50KB",
      "mean": 21.513907242526667,
      "stddev": 0.09383459785041347,
      "median": 21.48278817386,
      "user": 13.63517274,
      "system": 1.5266560599999999,
      "min": 21.43958555286,
      "max": 21.61934800086,
      "times": [
        21.43958555286,
        21.48278817386,
        21.61934800086
      ],
      "exit_codes": [
        1,
        1,
        1
      ]
    },
    {
      "command": "Max-100KB",
      "mean": 22.52670952152667,
      "stddev": 0.2568453686780806,
      "median": 22.56254536586,
      "user": 14.544049073333333,
      "system": 1.5123237266666667,
      "min": 22.25382809686,
      "max": 22.76375510186,
      "times": [
        22.56254536586,
        22.25382809686,
        22.76375510186
      ],
      "exit_codes": [
        1,
        1,
        1
      ]
    },
    {
      "command": "Max-200KB",
      "mean": 22.62296015586,
      "stddev": 0.15376006951011892,
      "median": 22.65061643986,
      "user": 10.01507474,
      "system": 1.2193590599999997,
      "min": 22.457248813859998,
      "max": 22.76101521386,
      "times": [
        22.76101521386,
        22.457248813859998,
        22.65061643986
      ],
      "exit_codes": [
        1,
        1,
        1
      ]
    },
    {
      "command": "Max-400KB",
      "mean": 22.46953666786,
      "stddev": 0.11885650074972981,
      "median": 22.45857173086,
      "user": 14.488694406666667,
      "system": 1.5273307266666667,
      "min": 22.35654257586,
      "max": 22.59349569686,
      "times": [
        22.45857173086,
        22.35654257586,
        22.59349569686
      ],
      "exit_codes": [
        1,
        1,
        1
      ]
    }
  ]
}
