{
  "results": [
    {
      "command": "ALS-only",
      "mean": 22.365296454613333,
      "stddev": 0.19704046351773294,
      "median": 22.269333636280003,
      "user": 14.410647693333333,
      "system": 1.49878804,
      "min": 22.234620937280003,
      "max": 22.59193479028,
      "times": [
        22.269333636280003,
        22.234620937280003,
        22.59193479028
      ],
      "exit_codes": [
        1,
        1,
        1
      ]
    },
    {
      "command": "Sequential",
      "mean": 22.528995254613335,
      "stddev": 0.24164841819504068,
      "median": 22.57976788928,
      "user": 14.569761360000001,
      "system": 1.5155480399999999,
      "min": 22.26599462228,
      "max": 22.74122325228,
      "times": [
        22.57976788928,
        22.26599462228,
        22.74122325228
      ],
      "exit_codes": [
        1,
        1,
        1
      ]
    },
    {
      "command": "Patterns-only",
      "mean": 3.2964116749466665,
      "stddev": 0.17689311279667772,
      "median": 3.20754219028,
      "user": 2.7399183599999994,
      "system": 0.48594703999999994,
      "min": 3.18157358728,
      "max": 3.5001192472800002,
      "times": [
        3.18157358728,
        3.20754219028,
        3.5001192472800002
      ],
      "exit_codes": [
        1,
        1,
        1
      ]
    },
    {
      "command": "ALS+Patterns",
      "mean": 22.34727584694667,
      "stddev": 0.17653026001674788,
      "median": 22.270305492280002,
      "user": 14.36870236,
      "system": 1.5108823733333334,
      "min": 22.22229969528,
      "max": 22.54922235328,
      "times": [
        22.270305492280002,
        22.54922235328,
        22.22229969528
      ],
      "exit_codes": [
        1,
        1,
        1
      ]
    }
  ]
}
