{
  "results": [
    {
      "command": "ALS+Patterns-1-workers",
      "mean": 22.259043179160003,
      "stddev": 0.06568239899157008,
      "median": 22.237754168160002,
      "user": 14.367603260000001,
      "system": 1.5226193133333332,
      "min": 22.20664594416,
      "max": 22.33272942516,
      "times": [
        22.33272942516,
        22.237754168160002,
        22.20664594416
      ],
      "exit_codes": [
        1,
        1,
        1
      ]
    },
    {
      "command": "ALS+Patterns-3-workers",
      "mean": 22.65481104349334,
      "stddev": 0.2671377677716568,
      "median": 22.730720562160002,
      "user": 14.729376926666665,
      "system": 1.5503476466666666,
      "min": 22.35793371716,
      "max": 22.875778851160003,
      "times": [
        22.875778851160003,
        22.730720562160002,
        22.35793371716
      ],
      "exit_codes": [
        1,
        1,
        1
      ]
    }
  ]
}
