{
  "results": [
    {
      "command": "ALS-only-1-worker",
      "mean": 22.657900357746666,
      "stddev": 0.09852324900462579,
      "median": 22.62928471208,
      "user": 14.723163186666667,
      "system": 1.5531006333333333,
      "min": 22.576852587079998,
      "max": 22.76756377408,
      "times": [
        22.576852587079998,
        22.76756377408,
        22.62928471208
      ],
      "exit_codes": [
        1,
        1,
        1
      ]
    },
    {
      "command": "ALS-only-3-workers",
      "mean": 22.720687338079998,
      "stddev": 0.08830888364410236,
      "median": 22.70072675808,
      "user": 14.702260853333334,
      "system": 1.5379553,
      "min": 22.64406716408,
      "max": 22.81726809208,
      "times": [
        22.64406716408,
        22.81726809208,
        22.70072675808
      ],
      "exit_codes": [
        1,
        1,
        1
      ]
    }
  ]
}
