{
  "results": [
    {
      "command": "Patterns-only-1-workers",
      "mean": 3.6050455900866667,
      "stddev": 0.30971920381752,
      "median": 3.7089628874200002,
      "user": 2.834755933333333,
      "system": 0.6706163266666666,
      "min": 3.25673093642,
      "max": 3.8494429464200004,
      "times": [
        3.25673093642,
        3.7089628874200002,
        3.8494429464200004
      ],
      "exit_codes": [
        1,
        1,
        1
      ]
    },
    {
      "command": "Patterns-only-3-workers",
      "mean": 3.3632077830866667,
      "stddev": 0.18539259707515263,
      "median": 3.28538644042,
      "user": 2.753911266666666,
      "system": 0.5609743266666666,
      "min": 3.22940975742,
      "max": 3.57482715142,
      "times": [
        3.57482715142,
        3.28538644042,
        3.22940975742
      ],
      "exit_codes": [
        1,
        1,
        1
      ]
    }
  ]
}
